Company:,Approved:
Monsanto,n
Nestle,n
British Petroleum,n
Facebook,n
Bayer,n
Amazon,n
Deutsche Bank,n
HSBC,n
Coca Cola,n
Google,n
Costco,n
Popeyes,n
Chickfila,n
Apple,n
Shein,n
Nike,n
Tencent,n
Activision,n
Comcast,n
PETA,n
Cargill,n
Koch,n
Conagra,n
Conrteva,n
Pfizer,n
Walmart,n
Twitter,n
Disney,n
AT&T,n
JNJ,n
Tesla,n
Hugo Boss,n
Boohoo,n
Shein,n
Forever 21,n
Zara,n
H&M,n
Victoria's Secret,n
Mango,n
Urban Outfitters,n
Primark,n
Missguided,n
Fashion Nova,n
American Eagle,n
Uniqlo,n
Romwe,n
Zaful,n
Hot Topic,n
COS,n
Dillards,n
Family Dollar,n
The Children's Place,n
Regal,n
McDonald's,n
Belk,n
Sears,n
Kroger,n
Hollister,n
GAP,n
CVS,n
Kmart,n
